City_ID,City,Country,Lat,Lng,Max Temp,Humidity,Cloudiness,Wind Speed,Current Description
0,Bluff,NZ,-46.6,168.3333,52.81,65,28,35.21,scattered clouds
1,Omsukchan,RU,62.5333,155.8,16.81,87,100,6.31,overcast clouds
2,Punta Arenas,CL,-53.15,-70.9167,46.51,81,20,19.57,light rain
3,Sapa,PH,5.1544,120.3241,83.08,72,89,5.79,overcast clouds
4,Soyo,AO,-6.1349,12.3689,77.38,89,87,3.47,overcast clouds
5,Albany,US,42.6001,-73.9662,61.21,39,71,9.98,broken clouds
6,Hilo,US,19.7297,-155.09,84.27,88,100,9.22,light rain
7,Romanovka,RU,51.7443,42.7527,43.9,75,96,6.51,overcast clouds
8,Butaritari,KI,3.0707,172.7902,81.77,73,34,11.18,light rain
9,Arraial Do Cabo,BR,-22.9661,-42.0278,72.88,67,1,20.94,clear sky
10,Hermanus,ZA,-34.4187,19.2345,56.8,69,55,15.08,broken clouds
11,Kembe,CF,4.6228,21.8865,70.0,96,89,2.1,overcast clouds
12,Ribeira Grande,PT,38.5167,-28.7,61.2,72,40,8.05,scattered clouds
13,Busselton,AU,-33.65,115.3333,66.13,69,100,7.2,overcast clouds
14,Hofn,IS,64.2539,-15.2082,45.86,87,100,3.56,overcast clouds
15,Sterling,US,39.0062,-77.4286,66.2,29,20,12.66,few clouds
16,Fortuna,US,40.5982,-124.1573,48.09,76,100,1.01,light rain
17,Fort Saint James,CA,54.4333,-124.25,34.34,38,100,0.22,overcast clouds
18,Cherskiy,RU,68.75,161.3,20.28,93,100,6.73,overcast clouds
19,Caravelas,BR,-17.7125,-39.2481,75.6,78,100,13.96,moderate rain
20,Port Alfred,ZA,-33.5906,26.891,59.9,70,100,6.08,light rain
21,Rikitea,PF,-23.1203,-134.9692,77.58,72,3,14.32,clear sky
22,Zhigansk,RU,66.7697,123.3711,8.47,88,74,11.79,broken clouds
23,Grindavik,IS,63.8424,-22.4338,46.87,93,100,29.93,light intensity drizzle
24,San Carlos De Bariloche,AR,-41.1456,-71.3082,51.55,66,0,9.22,clear sky
25,Vardo,NO,70.3705,31.1107,36.25,91,100,24.61,overcast clouds
26,Barcelos,PT,41.5388,-8.6151,59.92,90,62,2.53,broken clouds
27,Kaitangata,NZ,-46.2817,169.8464,57.27,50,4,20.22,clear sky
28,Nikolskoye,RU,59.7035,30.7861,37.87,88,86,11.7,overcast clouds
29,Severnyy,RU,50.677,36.5532,48.24,87,98,6.71,overcast clouds
30,Shitanjing,CN,39.2342,106.3439,39.88,70,100,15.08,overcast clouds
31,Jamestown,US,42.097,-79.2353,54.52,41,100,8.05,overcast clouds
32,Bethel,US,41.3712,-73.414,59.36,39,0,13.8,clear sky
33,Yellowknife,CA,62.456,-114.3525,21.72,49,75,6.91,broken clouds
34,Bredasdorp,ZA,-34.5322,20.0403,57.97,61,98,10.71,overcast clouds
35,Hobart,AU,-42.8794,147.3294,60.03,65,75,6.91,broken clouds
36,Provideniya,RU,64.3833,-173.3,32.76,95,100,27.58,light snow
37,Luwuk,ID,-0.9516,122.7875,84.6,71,100,1.12,overcast clouds
38,Auki,SB,-8.7676,160.7034,87.1,61,100,1.81,overcast clouds
39,Sile,TR,41.1754,29.6133,50.67,61,4,5.12,clear sky
40,Westerly,US,41.3776,-71.8273,56.8,70,0,13.8,clear sky
41,Mataura,NZ,-46.1927,168.8643,52.48,54,19,14.16,few clouds
42,Te Anau,NZ,-45.4167,167.7167,55.31,51,14,7.67,few clouds
43,Jumla,NP,29.2747,82.1838,48.2,43,0,4.27,clear sky
44,Tiksi,RU,71.6872,128.8694,-0.11,98,99,3.22,overcast clouds
45,Batagay-Alyta,RU,67.8006,130.4114,10.74,79,15,2.17,few clouds
46,Port Blair,IN,11.6667,92.75,77.04,94,20,2.3,few clouds
47,Mahibadhoo,MV,3.7833,72.9667,83.61,73,83,5.93,broken clouds
48,Saint-Philippe,RE,-21.3585,55.7679,72.21,85,48,14.99,light rain
49,Khatanga,RU,71.9667,102.5,19.81,84,100,10.29,overcast clouds
50,Muros,ES,42.7762,-9.0603,50.85,91,3,1.79,clear sky
51,Masindi,UG,1.6744,31.715,63.52,98,100,2.48,light rain
52,Torbay,CA,47.6666,-52.7314,36.57,75,40,10.36,scattered clouds
53,Ilulissat,GL,69.2167,-51.1,-7.89,93,17,7.23,few clouds
54,Ushuaia,AR,-54.8,-68.3,44.26,76,40,24.16,scattered clouds
55,Norman Wells,CA,65.282,-126.8329,14.04,48,40,12.66,scattered clouds
56,Sinnamary,GF,5.3833,-52.95,77.9,88,100,9.08,overcast clouds
57,Ketchikan,US,55.3422,-131.6461,50.47,25,0,10.36,clear sky
58,Roma,US,43.2128,-75.4557,53.87,60,100,5.99,overcast clouds
59,Kingman,US,35.1894,-114.053,77.13,10,0,24.16,clear sky
60,Atuona,PF,-9.8,-139.0333,79.18,77,16,15.7,few clouds
61,Inhambane,MZ,-23.865,35.3833,77.29,93,73,7.56,broken clouds
62,Kodiak,US,57.79,-152.4072,38.71,87,100,18.41,light rain
63,Cabedelo,BR,-6.9811,-34.8339,81.27,82,25,9.08,scattered clouds
64,Carballo,ES,43.213,-8.691,54.86,87,0,2.75,clear sky
65,Jhang,PK,33.6748,72.6963,73.62,42,0,3.96,clear sky
66,Noumea,NC,-22.2763,166.4572,82.38,99,0,12.75,clear sky
67,Avarua,CK,-21.2078,-159.775,84.25,70,27,6.91,scattered clouds
68,Chokurdakh,RU,70.6333,147.9167,11.12,88,100,6.04,overcast clouds
69,Mehamn,NO,71.0357,27.8492,35.49,98,100,21.47,light rain
70,Ambatondrazaka,MG,-17.8333,48.4167,67.8,94,100,5.57,overcast clouds
71,Qaanaaq,GL,77.484,-69.3632,-5.78,94,100,5.12,overcast clouds
72,Melk,AT,48.2274,15.3319,48.45,89,51,4.79,broken clouds
73,Koumac,NC,-20.5667,164.2833,79.2,69,54,9.19,broken clouds
74,Kapaa,US,22.0752,-159.319,82.38,70,20,18.41,few clouds
75,Yatou,CN,37.15,122.3833,57.6,28,65,9.66,broken clouds
76,Yamada,JP,39.4667,141.95,39.58,83,100,14.41,overcast clouds
77,Lebu,CL,-37.6167,-73.65,52.84,90,4,12.28,clear sky
78,Mahebourg,MU,-20.4081,57.7,76.24,94,40,14.97,scattered clouds
79,Straumen,NO,63.8709,11.2999,39.2,88,68,3.6,broken clouds
80,Ouagadougou,BF,12.3642,-1.5383,86.13,51,20,4.61,few clouds
81,Tuktoyaktuk,CA,69.4541,-133.0374,-5.8,71,20,4.61,few clouds
82,Dikson,RU,73.5069,80.5464,17.26,96,100,5.23,light snow
83,Ulladulla,AU,-35.35,150.4667,72.5,62,100,3.38,overcast clouds
84,Ponta Do Sol,PT,32.6667,-17.1,64.71,59,98,4.18,overcast clouds
85,Saldanha,ZA,-33.0117,17.9442,53.65,61,3,16.15,clear sky
86,Port Alberni,CA,49.2413,-124.8028,47.86,86,99,3.0,overcast clouds
87,Hasaki,JP,35.7333,140.8333,52.29,82,100,31.09,overcast clouds
88,Luanda,AO,-8.8368,13.2343,75.2,88,75,5.75,broken clouds
89,Coahuayana,MX,18.7333,-103.6833,75.94,72,40,3.42,scattered clouds
90,East London,ZA,-33.0153,27.9116,61.34,68,100,6.11,overcast clouds
91,Lavrentiya,RU,65.5833,-171.0,29.3,95,100,14.54,light snow
92,Vila Franca Do Campo,PT,37.7167,-25.4333,61.21,88,21,4.14,few clouds
93,Japura,ID,-0.3167,102.35,75.22,94,100,2.84,overcast clouds
94,Paiania,GR,37.9553,23.8544,59.65,60,100,1.01,overcast clouds
95,Nagornyy,RU,52.7959,83.5498,47.23,50,0,3.11,clear sky
96,Ayan,RU,56.45,138.1667,26.65,83,100,14.81,overcast clouds
97,Klaksvik,FO,62.2266,-6.589,47.32,98,100,14.52,overcast clouds
98,Ucluelet,CA,48.9329,-125.5528,48.09,76,10,3.0,clear sky
99,Nome,US,64.5011,-165.4064,35.67,70,100,26.46,overcast clouds
100,New Norfolk,AU,-42.7826,147.0587,59.67,59,100,1.01,overcast clouds
101,Bathsheba,BB,13.2167,-59.5167,79.41,78,20,19.57,few clouds
102,Touros,BR,-5.1989,-35.4608,80.28,81,96,9.1,overcast clouds
103,Haines Junction,CA,60.7522,-137.5108,37.35,38,100,11.5,overcast clouds
104,Asau,RO,46.4333,26.4,52.95,75,91,2.64,overcast clouds
105,Rosita,NI,13.9268,-84.4032,77.58,67,100,4.27,overcast clouds
106,Atasu,KZ,48.6814,71.6433,49.6,30,17,5.55,few clouds
107,Alofi,NU,-19.0595,-169.9187,78.69,94,20,5.75,few clouds
108,Lebrija,ES,36.9208,-6.0753,64.29,58,0,1.14,clear sky
109,Georgetown,MY,5.4112,100.3354,80.53,93,20,5.01,thunderstorm
110,Bereda,ES,43.2686,-7.5406,53.42,100,11,0.67,few clouds
111,Cayenne,GF,4.9333,-52.3333,80.1,1,75,3.0,broken clouds
112,Puerto Ayora,EC,-0.7393,-90.3518,76.08,88,80,8.34,broken clouds
113,Bonavista,CA,48.6499,-53.1147,33.55,83,49,13.85,scattered clouds
114,Deputatskiy,RU,69.3,139.9,8.71,72,100,2.62,overcast clouds
115,Bara,NG,10.3744,10.7288,81.54,56,90,1.81,overcast clouds
116,Aksu,CN,41.1231,80.2644,56.21,20,71,19.71,broken clouds
117,Paamiut,GL,61.994,-49.6678,22.5,78,17,13.91,few clouds
118,Beinamar,TD,8.6698,15.3813,81.97,53,100,2.01,light rain
119,Saint George,US,37.1041,-113.5841,76.42,16,0,9.22,clear sky
120,Vaini,TO,-21.2,-175.2,84.36,70,20,10.36,few clouds
121,Elizabeth City,US,36.2946,-76.2511,59.02,53,0,3.44,clear sky
122,Severo-Kurilsk,RU,50.6789,156.125,32.14,82,99,2.42,overcast clouds
123,Chamalieres,FR,45.7756,3.0631,56.12,67,75,0.0,broken clouds
124,Novoagansk,RU,61.9449,76.6625,40.87,85,100,8.68,overcast clouds
125,Vallenar,CL,-28.5708,-70.7581,58.69,68,0,2.39,clear sky
126,Staroleushkovskaya,RU,45.9906,39.7631,42.8,97,15,5.37,few clouds
127,Cape Town,ZA,-33.9258,18.4232,59.11,66,0,17.0,clear sky
128,Cuiluan,CN,47.72,128.648,42.17,67,100,10.87,overcast clouds
129,Mogadishu,SO,2.0371,45.3438,81.03,79,93,6.51,overcast clouds
130,Oktyabrskoye,RU,43.0645,44.7417,46.54,86,96,6.71,overcast clouds
131,Sistranda,NO,63.7256,8.834,42.76,86,92,13.02,overcast clouds
132,San Pedro,PH,14.35,121.0167,85.23,72,20,4.61,few clouds
133,Kavaratti,IN,10.5669,72.642,83.32,72,93,2.53,overcast clouds
134,Kautokeino,NO,69.0125,23.0412,13.73,94,100,2.71,overcast clouds
135,Souillac,MU,-20.5167,57.5167,75.58,94,40,14.97,light rain
136,Holly Springs,US,35.6513,-78.8336,64.76,50,24,4.18,few clouds
137,Tequila,MX,20.8833,-103.8333,84.31,14,100,7.11,overcast clouds
138,Bhuj,IN,23.2667,69.6667,74.53,83,0,8.99,clear sky
139,Thompson,CA,55.7435,-97.8558,23.16,39,75,13.8,broken clouds
140,Vestmannaeyjar,IS,63.4427,-20.2734,47.14,86,28,34.14,scattered clouds
141,Taseyevo,RU,57.2169,94.8978,40.53,86,91,4.83,overcast clouds
142,Jiwani,PK,25.05,61.7417,81.1,76,57,7.96,broken clouds
143,Barrow,US,71.2906,-156.7887,6.82,72,0,28.77,clear sky
144,Lagoa,PT,39.05,-27.9833,58.89,71,100,11.92,overcast clouds
145,Springbok,ZA,-29.6643,17.8865,55.81,50,1,22.46,clear sky
146,Pangkalanbuun,ID,-2.6833,111.6167,76.23,96,100,1.92,moderate rain
147,Veracruz,MX,19.3333,-96.6667,78.28,72,33,3.44,scattered clouds
148,Quatre Cocos,MU,-20.2078,57.7625,76.08,81,86,21.43,light rain
149,Dunedin,NZ,-45.8742,170.5036,59.81,45,0,18.99,clear sky
150,Adrar,MR,20.5022,-10.0711,79.14,14,2,8.46,clear sky
151,Kapiri Mposhi,ZM,-13.9652,28.6809,62.19,99,97,4.16,light rain
152,Port Lincoln,AU,-34.7333,135.8667,71.8,63,3,8.77,clear sky
153,Dingzhou,CN,38.5131,114.9956,53.71,27,6,4.45,clear sky
154,Salym,RU,60.0625,71.4789,42.28,85,98,8.88,overcast clouds
155,Tura,IN,25.5198,90.2201,75.38,92,98,9.93,overcast clouds
156,Mbandaka,CD,0.0487,18.2603,70.52,95,97,0.56,overcast clouds
157,Vanimo,PG,-2.6741,141.3028,85.46,67,41,5.37,scattered clouds
158,Mombetsu,JP,44.3525,143.3525,37.42,75,20,5.75,few clouds
159,Concordia,AR,-31.393,-58.0209,55.78,81,0,3.8,clear sky
160,Talnakh,RU,69.4865,88.3972,23.31,94,100,10.58,light snow
161,Goya,AR,-29.14,-59.2626,54.32,84,0,5.06,clear sky
162,Erenhot,CN,43.6475,111.9767,44.58,22,8,5.61,clear sky
163,Lasa,IT,46.6166,10.7002,48.36,92,46,7.23,scattered clouds
164,Nouadhibou,MR,20.931,-17.0347,62.58,94,0,11.5,clear sky
165,Almeirim,BR,-1.5233,-52.5817,74.77,96,100,3.38,overcast clouds
166,Mayo,US,38.8876,-76.5119,65.26,44,0,16.11,clear sky
167,Nioro,GM,13.35,-15.75,78.48,38,17,7.81,few clouds
168,Chuy,UY,-33.6971,-53.4616,62.01,68,81,6.93,broken clouds
169,Candido Mendes,BR,-1.4467,-45.7167,74.39,96,100,2.71,overcast clouds
170,Praia,CV,14.9215,-23.5087,69.06,82,5,11.23,clear sky
171,Leningradskiy,RU,69.3833,178.4167,13.14,87,100,9.98,overcast clouds
172,Celina,US,40.5489,-84.5702,62.91,75,100,18.32,light rain
173,Esperance,AU,-33.8667,121.9,64.24,65,88,12.53,overcast clouds
174,Plonsk,PL,52.6235,20.3755,41.86,84,100,14.85,overcast clouds
175,Sorgun,TR,39.8101,35.186,38.79,85,0,0.49,clear sky
176,San Miguel,SV,13.4833,-88.1833,84.16,65,100,5.14,overcast clouds
177,Bridlington,GB,54.0831,-0.1919,48.88,89,100,15.12,overcast clouds
178,Visby,SE,57.6409,18.296,35.82,80,3,9.22,clear sky
179,Xinpu,CN,34.5997,119.1594,56.12,28,100,7.36,overcast clouds
180,Arklow,IE,52.7931,-6.1414,50.07,90,97,6.53,overcast clouds
181,Carnarvon,AU,-24.8667,113.6333,73.47,64,98,9.22,overcast clouds
182,Victoria,HK,22.2855,114.1577,73.18,77,95,23.0,overcast clouds
183,Tuatapere,NZ,-46.1333,167.6833,55.08,58,67,17.96,broken clouds
184,Almaznyy,RU,48.0448,40.045,45.1,91,98,7.56,overcast clouds
185,Gigmoto,PH,13.7796,124.39,83.53,65,8,4.56,clear sky
186,Saint-Francois,FR,46.4154,3.9054,52.41,92,0,2.3,clear sky
187,Santiago,CL,-33.4569,-70.6483,62.17,63,0,4.61,clear sky
188,Arawa,PG,-6.2132,155.5367,83.89,77,100,3.53,light rain
189,Jacareacanga,BR,-6.2222,-57.7528,73.15,97,100,1.14,moderate rain
190,Puerto Narino,CO,-3.7703,-70.3831,73.22,95,99,2.62,overcast clouds
191,Boa Vista,BR,2.8197,-60.6733,76.98,88,75,3.44,broken clouds
192,Dzheyrakh,RU,42.8228,44.6756,40.39,85,67,5.32,broken clouds
193,Khasan,RU,42.4308,130.6434,51.35,41,4,6.64,clear sky
194,Leopold,AU,-38.1833,144.4667,75.81,65,0,5.75,clear sky
195,College,US,64.8569,-147.8028,36.28,35,75,19.57,broken clouds
196,Saint-Augustin,CA,51.226,-58.6502,30.47,95,100,6.33,overcast clouds
197,Kruisfontein,ZA,-34.0033,24.7314,52.88,75,85,3.67,light rain
198,Korla,CN,41.7597,86.1469,47.16,12,0,4.85,clear sky
199,Ambon,ID,-3.6954,128.1814,84.34,79,20,4.61,few clouds
200,Bassila,BJ,9.0081,1.6654,69.78,90,100,11.97,moderate rain
201,Kalevala,RU,65.2,31.1667,25.34,94,22,3.31,few clouds
202,Port Elizabeth,ZA,-33.918,25.5701,58.32,78,0,4.61,clear sky
203,Rafai,CF,4.95,23.9167,68.65,97,100,2.17,overcast clouds
204,Windhoek,NA,-22.5594,17.0832,58.1,82,3,8.05,clear sky
205,Yerbogachen,RU,61.2767,108.0108,26.64,77,100,4.45,overcast clouds
206,Cidreira,BR,-30.1811,-50.2056,64.29,67,100,6.17,overcast clouds
207,Vytegra,RU,61.0064,36.4481,21.43,96,7,4.29,clear sky
208,Castro,BR,-24.7911,-50.0119,50.2,62,0,3.87,clear sky
209,Erzin,TR,36.9559,36.2,55.09,54,0,3.33,clear sky
210,Berlevag,NO,70.8578,29.0864,37.2,98,100,21.7,overcast clouds
211,Pangody,RU,65.85,74.4859,23.72,93,100,6.38,overcast clouds
212,Orcotuna,PE,-11.9667,-75.3333,47.55,85,97,3.65,overcast clouds
213,Oistins,BB,13.0667,-59.5333,78.89,78,20,19.57,few clouds
214,Pacific Grove,US,36.6177,-121.9166,64.38,70,0,9.22,clear sky
215,Ambilobe,MG,-13.2,49.05,74.57,82,21,4.72,few clouds
216,Port Hardy,CA,50.6996,-127.4199,48.38,49,75,10.36,broken clouds
217,Cabo San Lucas,MX,22.8909,-109.9124,81.7,49,100,8.99,overcast clouds
218,Masumbwe,TZ,-3.6333,32.1833,63.66,96,100,2.06,light rain
219,Ayolas,PY,-27.4,-56.9,54.45,88,0,6.69,clear sky
220,Stephenville,US,32.2207,-98.2023,87.17,47,0,12.66,clear sky
221,Komsomolskiy,UZ,40.4272,71.7189,59.72,51,3,6.91,clear sky
222,Vila Velha,BR,-20.3297,-40.2925,75.15,73,40,8.05,scattered clouds
223,Todos Santos,MX,23.45,-110.2167,70.45,74,100,4.61,overcast clouds
224,Humberto De Campos,BR,-2.5983,-43.4611,76.21,94,100,3.74,overcast clouds
225,Faanui,PF,-16.4833,-151.75,82.4,69,0,16.08,clear sky
226,Nova Odesa,UA,47.3078,31.7851,47.28,77,84,9.44,broken clouds
227,Guerrero Negro,MX,27.9769,-114.0611,62.55,67,100,16.17,overcast clouds
228,Bireun,ID,5.203,96.7009,80.26,80,100,3.71,overcast clouds
229,Bambous Virieux,MU,-20.3428,57.7575,76.21,94,40,14.97,light rain
230,Yulara,AU,-25.2406,130.9889,84.04,24,22,8.05,few clouds
231,Seewalchen,AT,47.9525,13.5838,49.15,64,83,3.0,broken clouds
232,Nuuk,GL,64.1835,-51.7216,10.36,72,6,9.91,clear sky
233,Bandarbeyla,SO,9.4942,50.8122,82.74,70,100,5.91,overcast clouds
234,Kencong,ID,-8.2833,113.3667,81.07,80,97,1.77,overcast clouds
235,Grand-Santi,GF,4.25,-54.3833,73.09,98,100,2.44,overcast clouds
236,Rocha,UY,-34.4833,-54.3333,54.84,88,2,1.77,clear sky
237,Saskylakh,RU,71.9167,114.0833,-2.0,95,67,7.47,broken clouds
238,Skorodnoye,RU,51.071,37.2276,48.2,78,100,10.96,overcast clouds
239,Zalantun,CN,48.0,122.7167,45.75,18,7,19.48,clear sky
240,Egvekinot,RU,66.3167,-179.1667,18.73,83,100,15.03,overcast clouds
241,Anadyr,RU,64.75,177.4833,34.3,80,75,24.61,light snow
242,Teguldet,RU,57.3064,88.1667,38.44,93,100,3.56,overcast clouds
243,Khuzhir,RU,53.1939,107.3397,36.77,77,100,6.91,overcast clouds
244,Lompoc,US,34.6391,-120.4579,67.01,83,100,15.99,overcast clouds
245,Bitkine,TD,11.9801,18.2138,83.91,47,99,6.53,overcast clouds
246,Alekseyevka,RU,50.6309,38.6903,48.25,79,99,7.23,overcast clouds
247,Amahai,ID,-3.3333,128.9167,86.43,59,99,1.1,overcast clouds
248,Atar,MR,20.5169,-13.0499,75.85,17,0,1.81,clear sky
249,Aklavik,CA,68.2191,-135.0107,8.31,74,100,5.79,overcast clouds
250,Ulsteinvik,NO,62.3432,5.8487,43.07,75,55,1.99,broken clouds
251,Hamilton,US,39.1834,-84.5333,66.15,33,40,10.36,scattered clouds
252,Cavalcante,BR,-13.7975,-47.4583,69.76,89,85,0.58,overcast clouds
253,Gondanglegi,ID,-7.7479,112.0132,82.26,75,19,5.99,few clouds
254,Maralal,KE,1.0968,36.698,59.29,79,97,4.61,overcast clouds
255,Upernavik,GL,72.7868,-56.1549,-15.79,99,44,6.73,scattered clouds
256,Tual,ID,-5.6667,132.75,84.18,73,97,7.76,overcast clouds
257,Kouango,CF,4.9934,19.9619,72.66,89,99,2.84,overcast clouds
258,Longyearbyen,SJ,78.2186,15.6401,30.04,86,100,3.44,light snow
259,Buchach,UA,49.0625,25.388,46.22,97,99,6.29,overcast clouds
260,Tripoli,LY,32.8752,13.1875,60.64,87,1,5.66,clear sky
261,Gejiu,CN,23.306,103.1635,60.19,81,88,5.12,overcast clouds
262,Vanino,RU,49.0869,140.2543,39.92,66,100,10.45,overcast clouds
263,Morondava,MG,-20.2833,44.2833,78.58,71,9,6.35,clear sky
264,Vostok,RU,46.4856,135.8833,44.49,45,97,8.93,overcast clouds
265,Ostroleka,PL,53.0862,21.5757,41.94,81,93,14.29,overcast clouds
266,Husavik,IS,66.0449,-17.3389,39.96,74,100,12.73,overcast clouds
267,Baykit,RU,61.67,96.37,36.72,99,100,2.37,overcast clouds
268,Veraval,IN,20.9,70.3667,79.09,73,0,8.37,clear sky
269,Pozo Colorado,PY,-23.4923,-58.7972,59.97,59,0,7.02,clear sky
270,Evensk,RU,61.95,159.2333,28.87,76,92,2.53,overcast clouds
271,Berdigestyakh,RU,62.0989,126.6992,26.67,90,99,6.4,overcast clouds
272,Sao Joao Da Barra,BR,-21.6403,-41.0511,72.23,63,99,15.97,overcast clouds
273,Lively,CA,46.4334,-81.1498,31.37,69,67,11.61,broken clouds
274,Karpathos,GR,35.507,27.2132,53.56,82,96,2.3,overcast clouds
275,Chitungwiza,ZW,-18.0127,31.0756,62.33,94,7,7.0,clear sky
276,Bhadrachalam,IN,17.6667,80.8833,81.73,81,96,4.72,overcast clouds
277,Chapais,CA,49.7834,-74.8492,31.78,99,100,0.85,snow
278,Dingle,PH,10.9995,122.6711,82.99,72,15,3.89,few clouds
279,Dongying,CN,37.4564,118.4856,58.69,19,40,9.46,scattered clouds
280,Surt,LY,31.2089,16.5887,64.09,81,0,3.76,clear sky
281,Daru,PG,-9.0763,143.2092,76.89,92,100,6.44,very heavy rain
282,Pisco,PE,-13.7,-76.2167,66.02,82,0,21.85,clear sky
283,Khadro,PK,26.1472,68.7176,75.24,23,0,10.27,clear sky
284,Itaituba,BR,-4.2761,-55.9836,74.23,99,100,0.56,overcast clouds
285,Luderitz,NA,-26.6481,15.1594,57.85,67,0,13.58,clear sky
286,Dudinka,RU,69.4058,86.1778,16.12,95,84,11.59,broken clouds
287,Capreol,CA,46.706,-80.9225,30.9,67,75,17.27,broken clouds
288,Mafra,BR,-26.1114,-49.8053,48.11,90,0,2.46,clear sky
289,Havre-Saint-Pierre,CA,50.2334,-63.5986,32.36,100,100,9.22,overcast clouds
290,Price,US,39.5994,-110.8107,62.11,17,0,11.5,clear sky
291,Merrill,US,45.1805,-89.6835,30.67,56,100,10.36,overcast clouds
292,Marawi,PH,7.9986,124.2928,78.4,69,71,1.97,broken clouds
293,Nemsova,SK,48.967,18.1189,47.77,83,100,7.23,overcast clouds
294,Katsuura,JP,35.1333,140.3,52.25,80,100,23.11,overcast clouds
295,Hami,CN,42.8,93.45,45.09,39,47,5.08,scattered clouds
296,Maldonado,UY,-34.6667,-54.9167,57.22,92,4,3.02,clear sky
297,Lahaina,US,20.8783,-156.6825,82.4,85,94,11.27,overcast clouds
298,Kupang,ID,-10.1667,123.5833,84.72,67,36,4.25,scattered clouds
299,Abu Samrah,SY,35.3029,37.1841,53.8,52,0,5.1,clear sky
300,Iskateley,RU,67.6803,53.1512,5.88,96,35,6.31,scattered clouds
301,General Roca,AR,-39.0333,-67.5833,66.47,24,0,4.09,clear sky
302,Brae,GB,60.3964,-1.353,46.09,88,94,21.92,overcast clouds
303,Tornio,FI,65.8481,24.1466,23.02,92,99,1.43,overcast clouds
304,West Wendover,US,40.7391,-114.0733,56.41,28,75,13.8,broken clouds
305,Bantry,IE,51.6833,-9.45,51.78,95,99,4.94,overcast clouds
306,Itupiranga,BR,-5.1347,-49.3267,74.55,92,21,1.79,few clouds
307,Walvis Bay,NA,-22.9575,14.5053,57.09,82,0,5.75,clear sky
308,Hithadhoo,MV,-0.6,73.0833,82.51,69,35,2.35,scattered clouds
309,Flinders,AU,-34.5833,150.8552,77.05,78,56,5.99,broken clouds
310,Xai-Xai,MZ,-25.0519,33.6442,69.8,95,100,14.16,heavy intensity rain
311,Omboue,GA,-1.5746,9.2618,77.05,90,100,1.48,overcast clouds
312,Salalah,OM,17.0151,54.0924,78.89,83,20,2.3,few clouds
313,Olafsvik,IS,64.8945,-23.7142,45.64,84,100,30.74,overcast clouds
314,Williston,US,48.147,-103.618,24.04,68,92,5.01,overcast clouds
315,Krasnogorsk,RU,55.8225,37.3181,43.14,93,100,11.18,light rain
316,Gisborne,NZ,-38.6533,178.0042,68.13,56,0,11.56,clear sky
317,Buala,SB,-8.145,159.5921,83.37,69,100,6.6,overcast clouds
318,Taksimo,RU,56.3444,114.8794,27.45,68,91,3.36,overcast clouds
319,Gizo,SB,-8.103,156.8419,83.35,74,100,6.08,light rain
320,Airai,TL,-8.9266,125.4092,72.07,65,88,1.25,overcast clouds
321,Jerome,US,42.7241,-114.5186,45.88,49,75,11.5,broken clouds
322,Pachino,IT,36.7186,15.0907,58.24,74,16,26.84,few clouds
323,Mnogovershinnyy,RU,53.9353,139.9242,31.82,87,100,3.2,overcast clouds
324,Maningrida,AU,-12.0667,134.2667,82.98,72,90,12.12,overcast clouds
325,Vyyezdnoye,RU,55.3815,43.7864,33.93,76,100,5.73,overcast clouds
326,Ferme-Neuve,CA,46.7001,-75.4493,38.37,62,100,12.3,overcast clouds
327,Fort Morgan,US,40.2503,-103.8,48.85,27,0,12.66,clear sky
328,Lodhran,PK,29.5405,71.6336,78.64,20,0,6.93,clear sky
329,Madera,US,37.1666,-119.8343,74.19,35,98,5.73,overcast clouds
330,Onega,RU,63.9061,38.1404,25.2,92,100,3.47,overcast clouds
331,Camacha,PT,33.0833,-16.3333,58.42,82,40,5.75,scattered clouds
332,Lorengau,PG,-2.0226,147.2712,84.94,70,48,6.08,scattered clouds
333,Kirakira,SB,-10.4544,161.9205,84.9,69,62,6.06,broken clouds
334,Geraldton,AU,-28.7667,114.6,64.81,94,0,6.91,clear sky
335,Znamenskoye,RU,57.1281,73.8282,47.23,63,84,9.15,broken clouds
336,Bonfim,BR,3.0833,-59.95,75.63,81,100,2.48,overcast clouds
337,Christchurch,NZ,-43.5333,172.6333,72.95,37,100,19.57,overcast clouds
338,Yumen,CN,40.2833,97.2,38.7,27,0,24.36,clear sky
339,Igarka,RU,67.4667,86.5833,22.33,95,100,6.91,overcast clouds
340,Piney Green,US,34.716,-77.3202,64.33,45,0,11.5,clear sky
341,Kavieng,PG,-2.5744,150.7967,84.24,72,16,9.35,light rain
342,Namatanai,PG,-3.6667,152.4333,85.21,67,26,4.38,scattered clouds
343,Changping,CN,40.2186,116.2197,60.44,9,0,5.99,clear sky
344,Keetmanshoop,NA,-26.5833,18.1333,61.48,23,0,8.66,clear sky
345,Kahului,US,20.8947,-156.47,82.42,69,40,25.32,scattered clouds
346,Novikovo,RU,51.1537,37.8879,47.75,78,99,7.83,overcast clouds
347,Shimoda,JP,34.6667,138.95,53.96,86,100,13.82,overcast clouds
348,Kanker,IN,20.2719,81.4931,78.75,51,72,5.44,broken clouds
349,Inirida,CO,3.8653,-67.9239,75.27,93,91,2.89,overcast clouds
350,Coquimbo,CL,-29.9533,-71.3436,57.38,80,2,3.04,clear sky
351,Dongsheng,CN,39.8161,109.9776,44.11,44,43,8.08,scattered clouds
352,Half Moon Bay,US,37.4636,-122.4286,68.88,61,0,17.27,clear sky
353,Obo,CF,5.3998,26.4869,69.55,87,100,4.38,overcast clouds
354,Den Helder,NL,52.9599,4.7593,48.02,79,100,10.36,overcast clouds
355,Hervey Bay,AU,-25.2986,152.8535,74.23,62,22,16.55,few clouds
356,Alaverdi,AM,41.0977,44.6732,39.9,84,14,1.21,few clouds
357,Rio Branco,BR,-9.9747,-67.81,75.81,94,40,1.14,scattered clouds
358,Rabat,MA,33.9911,-6.8401,64.04,93,20,6.91,few clouds
359,Portland,US,45.5234,-122.6762,55.53,42,20,5.01,few clouds
360,Dangriga,BZ,16.9692,-88.2321,79.57,86,98,12.15,overcast clouds
361,Chivay,PE,-15.6383,-71.6011,47.8,41,8,3.78,clear sky
362,Bokhan,RU,53.153,103.7714,42.69,65,100,8.59,overcast clouds
363,Tasiilaq,GL,65.6145,-37.6368,35.76,98,100,12.17,moderate rain
364,Kualakapuas,ID,-3.0091,114.3876,78.94,92,95,2.3,moderate rain
365,Manoel Urbano,BR,-8.8389,-69.2597,72.64,99,74,1.77,broken clouds
366,Laguna,US,38.421,-121.4238,71.92,37,0,11.5,clear sky
367,Changli,CN,39.7042,119.1506,60.17,14,0,9.37,clear sky
368,Svetlyy,RU,54.675,20.1347,39.25,83,7,14.85,clear sky
369,Kiunga,PG,-6.1219,141.2906,85.78,65,100,2.53,overcast clouds
370,Karratha,AU,-20.7377,116.8463,89.73,48,25,7.7,scattered clouds
371,Khandyga,RU,62.6667,135.6,21.54,75,23,3.96,few clouds
372,Victor Harbor,AU,-35.5667,138.6167,73.17,54,11,5.64,few clouds
373,San Patricio,US,28.017,-97.5169,79.54,81,20,13.4,few clouds
374,La Ronge,CA,55.1001,-105.2842,30.45,24,75,4.61,broken clouds
375,Mount Isa,AU,-20.7333,139.5,87.57,29,0,10.36,clear sky
376,Repalle,IN,16.0167,80.85,82.08,83,47,3.49,scattered clouds
377,Ostrovnoy,RU,68.0531,39.5131,15.12,95,74,8.72,broken clouds
378,Ramhormoz,IR,31.28,49.6035,72.39,50,21,3.8,light rain
379,Petropavlovsk-Kamchatskiy,RU,53.0452,158.6483,39.79,45,40,4.47,scattered clouds
380,Vysokogornyy,RU,50.1167,139.15,34.99,66,100,5.57,overcast clouds
381,Bengkulu,ID,-3.8004,102.2655,78.44,84,100,3.04,overcast clouds
382,Olga,RU,43.7444,135.2892,50.13,49,10,6.82,clear sky
383,Kloulklubed,PW,7.0419,134.2556,82.9,76,54,7.65,broken clouds
384,Hambantota,LK,6.1241,81.1185,77.34,100,20,0.0,few clouds
385,Gornyy,RU,55.1153,83.9059,40.69,70,12,5.68,few clouds
386,Margate,GB,51.3813,1.3862,49.3,88,0,1.01,clear sky
387,Lydenburg,ZA,-25.0978,30.4597,56.95,95,25,5.57,light rain
388,Fort Nelson,CA,58.8053,-122.7002,40.59,22,20,5.75,few clouds
389,Pietarsaari,FI,63.65,22.6833,26.01,85,100,3.42,overcast clouds
390,Sao Filipe,CV,14.8961,-24.4956,70.75,77,5,7.0,clear sky
391,Bairiki,KI,1.3292,172.9752,84.2,79,20,5.75,few clouds
392,Rakaia,NZ,-43.75,172.0167,71.29,40,65,17.58,broken clouds
393,Kyaukse,MM,21.6,96.1333,82.4,69,20,3.44,few clouds
394,Kudahuvadhoo,MV,2.6708,72.8944,83.39,72,77,3.78,broken clouds
395,Natchitoches,US,31.7668,-93.1335,77.85,88,100,4.61,overcast clouds
396,Rio Gallegos,AR,-51.6226,-69.2181,46.45,71,0,17.27,clear sky
397,Mar Del Plata,AR,-38.0023,-57.5575,60.1,86,0,15.99,clear sky
398,Lodingen,NO,68.414,15.9951,39.15,70,97,10.11,overcast clouds
399,Viedma,AR,-40.8135,-62.9967,64.17,47,0,16.4,clear sky
400,Gladstone,AU,-23.85,151.25,78.78,44,0,12.66,clear sky
401,Findlay,US,41.0442,-83.6499,63.25,47,100,23.02,overcast clouds
402,Gazojak,TM,41.1875,61.4036,64.09,37,100,25.32,overcast clouds
403,San Jose,US,37.3394,-121.895,68.85,49,40,16.11,scattered clouds
404,Fereydun Kenar,IR,36.6864,52.5225,52.99,77,0,10.33,clear sky
405,Byron Bay,AU,-28.65,153.6167,71.94,76,76,9.95,broken clouds
406,Ouricuri,BR,-7.8825,-40.0817,79.14,59,89,2.39,overcast clouds
407,Waipawa,NZ,-41.4122,175.5153,63.12,61,0,18.72,clear sky
408,Linxia,CN,35.6003,103.2064,42.62,66,100,2.82,overcast clouds
409,Namibe,AO,-15.1961,12.1522,70.81,79,14,4.45,few clouds
410,Vitre,FR,48.1178,-1.2058,53.42,83,82,6.6,broken clouds
411,Tabuk,PH,17.4189,121.4443,76.3,81,100,5.48,overcast clouds
412,Conceicao Do Araguaia,BR,-8.2578,-49.2647,75.56,84,98,4.09,overcast clouds
413,Isabela,PH,6.7085,121.9711,86.05,69,78,2.51,broken clouds
414,Andreapol,RU,56.6513,32.2664,32.49,91,100,9.22,overcast clouds
415,Rio Grande,BR,-32.035,-52.0986,65.35,57,97,9.73,overcast clouds
416,Shirvan,AZ,39.9509,48.8994,46.24,73,100,3.04,overcast clouds
417,Mitsamiouli,KM,-11.3847,43.2844,81.9,79,18,9.66,light rain
418,Olinda,BR,-8.0089,-34.8553,83.93,74,20,6.91,few clouds
419,Porto Novo,BJ,6.4965,2.6036,84.02,82,100,6.02,overcast clouds
420,Cairns,AU,-16.9167,145.7667,83.1,61,100,10.36,overcast clouds
421,Chara,RU,56.9064,118.2631,18.45,66,44,1.16,scattered clouds
422,Porosozero,RU,62.7191,32.727,22.75,93,21,4.72,few clouds
423,Nanortalik,GL,60.1432,-45.2371,26.38,79,98,12.86,overcast clouds
424,Belturbet,IE,54.1,-7.45,44.06,94,97,2.15,overcast clouds
425,Yar-Sale,RU,66.8333,70.8333,17.31,87,100,9.78,overcast clouds
426,Roald,NO,62.5833,6.1333,44.1,100,99,6.91,overcast clouds
427,Santa Cruz De Tenerife,ES,28.4682,-16.2546,70.72,60,0,8.05,clear sky
428,Mandalgovi,MN,45.7625,106.2708,37.11,39,5,0.92,clear sky
429,Alice Springs,AU,-23.7,133.8833,87.35,22,5,13.8,clear sky
430,Padang,ID,-0.9492,100.3543,78.85,78,100,1.7,overcast clouds
431,Mildura,AU,-34.2,142.15,79.07,33,0,8.05,clear sky
432,Manta,EC,-0.95,-80.7333,78.58,78,75,10.36,broken clouds
433,Verkhoyansk,RU,67.5447,133.385,11.46,84,98,3.18,overcast clouds
434,Beyneu,KZ,45.3167,55.2,51.67,50,100,6.64,overcast clouds
435,Muroto,JP,33.2833,134.15,57.81,53,93,11.83,overcast clouds
436,Hirado,JP,33.3597,129.5531,57.38,61,100,24.29,overcast clouds
437,Vilyuysk,RU,63.7553,121.6247,17.94,86,99,7.43,overcast clouds
438,Urumqi,CN,43.801,87.6005,38.35,22,0,2.24,clear sky
439,Ambanja,MG,-13.6833,48.45,73.81,89,7,3.91,clear sky
440,Crossville,US,35.949,-85.0269,65.05,36,0,5.75,clear sky
441,Juneau,US,58.3019,-134.4197,46.4,25,20,6.91,few clouds
442,Banjar,ID,-8.19,114.9675,85.28,70,89,1.25,overcast clouds
443,Neiafu,TO,-18.65,-173.9833,86.68,74,75,8.05,broken clouds
444,Chumikan,RU,54.7183,135.315,28.74,95,100,18.95,snow
445,Areia Branca,BR,-4.9561,-37.1369,79.81,84,77,11.07,broken clouds
446,Nabire,ID,-3.3667,135.4833,85.86,67,56,3.0,broken clouds
447,Durg,IN,21.1833,81.2833,80.78,35,89,10.85,overcast clouds
448,Clarence Town,AU,-32.5833,151.7833,76.14,61,100,1.41,overcast clouds
449,Wanlaweyn,SO,2.6185,44.8938,79.43,79,100,4.21,overcast clouds
450,Caluquembe,AO,-13.7833,14.6833,60.49,91,100,1.48,overcast clouds
451,Wanning,CN,18.8003,110.3967,78.85,80,76,9.62,broken clouds
452,Malaya,PH,14.3971,121.3385,86.0,71,53,5.12,broken clouds
453,Yuancheng,CN,36.652,107.7896,38.59,82,100,12.44,light rain
454,Pocoes,BR,-14.5297,-40.3653,68.29,96,100,6.91,moderate rain
455,Saint-Joseph,RE,-21.3667,55.6167,71.2,82,24,13.8,light rain
456,Arcachon,FR,44.5875,-1.0519,53.92,94,100,4.61,fog
457,Thinadhoo,MV,0.5333,72.9333,82.58,72,13,3.29,few clouds
458,Garoua,CM,9.3,13.4,83.97,49,97,1.97,overcast clouds
459,Rennes,FR,48.1667,-1.6667,48.58,100,69,4.61,mist
460,Shenjiamen,CN,29.9576,122.298,55.58,56,100,15.28,overcast clouds
461,Cabra,ES,37.4725,-4.4421,57.31,69,2,3.09,clear sky
462,Copiapo,CL,-27.3667,-70.3333,58.91,74,0,1.3,clear sky
463,Ahipara,NZ,-35.1667,173.1667,70.43,59,100,1.59,overcast clouds
464,Altayskoye,RU,51.9533,85.3325,48.18,61,0,5.1,clear sky
465,Pangnirtung,CA,66.1451,-65.7125,-4.02,88,4,5.73,clear sky
466,Birin,NP,26.8865,88.0718,64.87,35,7,3.94,clear sky
467,Viseu,PT,40.661,-7.9097,53.33,89,9,1.95,clear sky
468,Iqaluit,CA,63.7506,-68.5145,2.93,78,20,12.66,few clouds
469,Waingapu,ID,-9.6567,120.2641,84.85,73,33,6.26,scattered clouds
470,Senador Jose Porfirio,BR,-2.5908,-51.9542,74.5,96,86,3.44,moderate rain
471,Vanavara,RU,60.34,102.2797,37.27,94,100,4.21,overcast clouds
472,Samarai,PG,-10.6167,150.6667,83.37,72,100,8.48,moderate rain
473,Mabaruma,GY,8.2,-59.7833,74.88,85,83,4.43,broken clouds
474,Gidam,IN,18.9833,81.4,77.07,62,63,2.1,broken clouds
475,Bismarck,US,46.8083,-100.7837,21.65,81,0,17.27,clear sky
476,Vao,NC,-22.6667,167.4833,75.54,80,90,4.5,overcast clouds
477,Pemangkat,ID,1.1667,108.9667,81.64,79,74,4.0,broken clouds
478,Salur,IN,18.5333,83.2167,83.59,56,76,1.68,broken clouds
479,Yashan,CN,22.1975,109.9419,73.2,83,100,8.95,overcast clouds
480,Anandnagar,IN,27.1,83.2833,81.39,14,0,5.59,clear sky
481,Camana,PE,-16.6228,-72.7111,67.66,82,85,10.0,overcast clouds
482,Sitka,US,57.0531,-135.33,46.29,57,0,17.27,clear sky
483,Mezen,RU,65.8522,44.24,24.98,96,98,4.9,overcast clouds
484,Vrangel,RU,42.7297,133.0839,44.73,70,0,5.23,clear sky
485,Tompa,HU,46.2061,19.5391,50.36,83,92,11.92,overcast clouds
486,Manbij,SY,36.5281,37.9549,52.92,48,3,10.22,clear sky
487,Duki,PK,30.1541,68.5728,67.05,9,0,4.59,clear sky
488,Lata,PT,40.1629,-8.3327,51.87,90,100,1.52,overcast clouds
489,Lamar,US,33.6668,-95.5836,75.36,78,75,9.22,broken clouds
490,Meulaboh,ID,4.1363,96.1285,78.62,85,82,3.47,broken clouds
491,Narsaq,GL,60.9167,-46.05,30.42,76,93,1.19,overcast clouds
492,Matay,EG,28.419,30.7792,64.09,39,6,9.42,clear sky
493,Fairbanks,US,64.8378,-147.7164,36.3,35,0,19.57,clear sky
494,Weligama,LK,5.9667,80.4167,79.14,83,35,1.21,scattered clouds
495,Honiara,SB,-9.4333,159.95,84.87,68,100,3.67,overcast clouds
496,Cam Ranh,VN,11.9214,109.1591,82.36,78,40,5.75,scattered clouds
497,Karabanovo,RU,56.3167,38.7,34.48,97,100,10.27,light snow
498,Sainte-Maxime,FR,43.3,6.6333,65.19,56,0,4.5,clear sky
499,Conceicao Da Barra,BR,-18.5933,-39.7322,74.84,68,91,11.03,overcast clouds
500,Marshall,US,34.3834,-86.3333,71.65,30,0,4.61,clear sky
501,Pilar,BR,-9.5972,-35.9567,76.93,86,58,8.05,broken clouds
502,Nemuro,JP,43.3236,145.575,33.67,86,100,18.39,overcast clouds
503,Coihaique,CL,-45.5752,-72.0662,52.41,76,40,3.44,scattered clouds
504,Kokopo,PG,-4.352,152.2633,84.4,67,62,4.94,broken clouds
505,Bayangol,RU,50.6977,103.4656,35.67,41,100,1.5,overcast clouds
506,Xapuri,BR,-10.6517,-68.5044,76.41,75,100,2.33,overcast clouds
507,Edson,CA,53.5835,-116.4356,28.54,54,75,9.22,broken clouds
508,Faya,SA,18.3851,42.4509,68.11,45,17,4.29,few clouds
509,Sioux Lookout,CA,50.1001,-91.917,19.47,73,100,12.66,overcast clouds
510,Altay,CN,47.8667,88.1167,39.18,33,0,5.91,clear sky
511,Mahajanga,MG,-15.7167,46.3167,73.42,88,20,3.44,few clouds
512,Mumford,GH,5.2618,-0.759,80.19,83,100,6.49,light rain
513,Batemans Bay,AU,-35.7167,150.1833,68.09,50,100,2.39,overcast clouds
514,Agudos,BR,-22.4692,-48.9875,64.65,74,0,10.36,clear sky
515,Eregli,TR,37.5133,34.0467,47.12,59,0,3.18,clear sky
516,Axim,GH,4.8699,-2.2405,78.94,86,90,6.44,light rain
517,Hirara,JP,24.8,125.2833,70.07,73,75,17.27,broken clouds
518,Codrington,AU,-38.2667,141.9667,71.24,55,12,2.21,few clouds
519,Setermoen,NO,68.861,18.3486,30.43,75,100,7.18,overcast clouds
520,Mianyang,CN,31.4593,104.7542,51.06,73,100,4.16,overcast clouds
521,Scottsboro,US,34.6723,-86.0341,72.39,42,20,0.0,few clouds
522,Qaqortoq,GL,60.7167,-46.0333,24.93,78,85,3.6,overcast clouds
523,Saint Anthony,US,45.0205,-93.218,30.92,62,100,16.11,overcast clouds
524,Pokhara,NP,28.2333,83.9833,72.48,22,0,6.64,clear sky
525,Salinopolis,BR,-0.6136,-47.3561,78.19,87,100,7.85,light rain
526,Channel-Port Aux Basques,CA,47.5702,-59.1367,37.15,95,100,24.61,overcast clouds
527,Cotonou,BJ,6.3654,2.4183,84.18,74,40,6.91,scattered clouds
528,Pevek,RU,69.7008,170.3133,19.04,85,62,3.24,broken clouds
529,Clyde River,CA,70.4692,-68.5914,-14.57,76,0,11.5,clear sky
530,Sun Valley,US,39.5963,-119.776,58.24,39,40,24.16,scattered clouds
531,Haputale,LK,6.7681,80.9595,62.42,90,90,3.2,overcast clouds
532,Tiznit,MA,29.5833,-9.5,71.91,30,96,4.32,overcast clouds
533,Ugoofaaru,MV,5.6667,73.0,84.33,70,100,7.9,overcast clouds
534,Ixtapa,MX,20.7,-105.2,75.22,80,100,4.0,overcast clouds
535,South Valley,US,35.0101,-106.6781,77.18,7,40,20.71,scattered clouds
536,Bud,US,39.447,-86.1758,59.02,50,100,13.6,overcast clouds
537,Vyartsilya,RU,62.1764,30.693,25.83,92,6,5.46,clear sky
538,Ergani,TR,38.2653,39.7621,45.16,64,0,6.98,clear sky
539,Snasa,NO,64.2457,12.3778,33.6,90,90,3.58,overcast clouds
540,Kaabong,UG,3.4836,34.1492,62.76,96,100,3.58,heavy intensity rain
541,Nchelenge,ZM,-9.3451,28.734,69.57,88,100,1.61,moderate rain
542,Ust-Koksa,RU,50.2696,85.6108,39.27,54,0,1.92,clear sky
543,Synya,RU,65.3718,58.0387,19.99,93,100,8.32,overcast clouds
544,Piacabucu,BR,-10.4056,-36.4344,81.32,78,49,13.85,scattered clouds
545,Angoche,MZ,-16.2325,39.9086,78.82,83,4,3.58,clear sky
546,Bandundu,CD,-3.3167,17.3667,69.17,96,99,2.21,overcast clouds
547,Jijiang,CN,29.2906,106.2542,56.5,90,100,4.56,overcast clouds
548,Palmares Do Sul,BR,-30.2578,-50.5097,64.65,62,100,6.06,overcast clouds
549,Sungaipenuh,ID,-2.0833,101.3833,67.69,88,100,1.5,overcast clouds
550,Vredendal,ZA,-31.6683,18.5012,58.05,49,0,8.86,clear sky
551,Xiongyue,CN,40.1774,122.1228,52.47,43,0,7.52,clear sky
552,Estelle,US,29.8458,-90.1067,77.0,74,6,3.0,clear sky
553,Broken Hill,AU,-31.95,141.4333,74.91,33,0,10.36,clear sky
554,Henties Bay,NA,-22.116,14.2845,58.71,87,0,6.98,clear sky
555,Tuxpan,MX,19.55,-103.4,74.97,42,98,4.76,overcast clouds
556,Vuktyl,RU,63.8567,57.3094,23.4,87,100,12.33,overcast clouds
557,Prince Rupert,CA,54.3161,-130.3201,46.49,36,0,13.8,clear sky
558,Tra Vinh,VN,9.9347,106.3453,82.51,78,96,5.23,overcast clouds
559,Mocajuba,BR,-2.5842,-49.5072,73.74,98,100,2.66,overcast clouds
560,Constitucion,CL,-35.3333,-72.4167,50.72,91,0,8.01,clear sky
561,Garni,AM,40.1221,44.7312,36.27,64,100,5.73,overcast clouds
562,Auray,FR,47.6703,-2.9918,55.74,86,26,7.78,scattered clouds
563,Multai,IN,21.7667,78.25,77.86,20,3,9.82,clear sky
564,Tazovskiy,RU,67.4667,78.7,17.87,93,100,5.59,overcast clouds
565,Sola,VU,-13.8833,167.55,84.87,79,75,0.0,broken clouds
566,Pasni,PK,25.2631,63.471,79.14,87,4,7.61,clear sky
567,Erdenet,MN,49.0333,104.0833,37.83,48,21,4.61,few clouds
568,Oum Hadjer,TD,13.2954,19.6966,84.07,37,8,5.82,clear sky
569,Ngunguru,NZ,-35.6167,174.5,64.99,81,100,4.54,overcast clouds
570,Jasper,US,37.2001,-94.3502,64.87,66,40,10.36,scattered clouds
571,Borgarnes,IS,64.5383,-21.9206,46.45,74,81,10.36,broken clouds
572,Nirmali,IN,26.3167,86.5833,79.52,40,4,8.34,clear sky
573,Freeport,US,40.6576,-73.5832,63.41,57,0,26.46,clear sky
574,Lar,IN,26.2039,83.9717,84.52,13,76,6.02,broken clouds
575,Beidao,CN,34.5686,105.8933,44.15,74,100,3.06,light rain
576,Port-Cartier,CA,50.0334,-66.8654,35.82,97,100,0.83,overcast clouds
577,Kamenka,RU,51.3223,42.7678,43.68,74,89,6.55,overcast clouds
578,Isangel,VU,-19.55,169.2667,87.91,74,40,4.61,scattered clouds
579,Garissa,KE,-0.4536,39.6401,79.41,80,100,12.15,overcast clouds
580,Bilma,NE,18.6853,12.9164,84.51,6,100,11.12,overcast clouds
581,Ust-Nera,RU,64.5667,143.2,16.11,82,90,4.05,overcast clouds
582,Ushibuka,JP,32.1906,130.0228,56.57,57,90,22.03,overcast clouds
583,Agapovka,RU,53.2973,59.1348,40.21,79,100,12.68,overcast clouds
584,Larap,PH,14.299,122.6504,83.91,66,55,5.14,broken clouds
585,Vestmanna,FO,62.1564,-7.1664,45.52,100,100,9.22,overcast clouds
586,Andenes,NO,69.3143,16.1194,35.58,80,100,11.5,overcast clouds
587,Manoharpur,IN,27.3,75.95,77.07,16,0,5.21,clear sky
588,Tayu,ID,-6.5397,111.0518,82.4,74,100,4.72,overcast clouds
589,Nizwa,OM,22.9333,57.5333,79.59,22,100,1.52,overcast clouds
590,Ternate,ID,0.8,127.4,84.33,71,92,4.7,overcast clouds
591,Huarmey,PE,-10.0681,-78.1522,67.64,84,71,12.86,broken clouds
592,Canoinhas,BR,-26.1772,-50.39,48.56,81,0,1.66,clear sky
593,Choix,MX,26.7092,-108.3219,86.25,12,100,8.03,overcast clouds
594,The Valley,AI,18.217,-63.0578,78.66,76,2,22.68,clear sky
595,Sambava,MG,-14.2667,50.1667,77.0,87,82,11.36,moderate rain
596,Redondela,ES,42.2834,-8.6096,58.19,78,0,2.3,clear sky
597,Hobyo,SO,5.3505,48.5268,81.34,76,98,9.26,overcast clouds
598,Stepnyak,KZ,52.8339,70.7803,51.82,45,30,11.7,scattered clouds
599,Esil,KZ,51.9556,66.4042,50.59,68,100,8.23,overcast clouds
600,Teya,RU,60.3778,92.6267,36.01,99,100,3.06,overcast clouds
601,Springdale,US,36.1867,-94.1288,73.13,66,100,5.75,overcast clouds
602,Szentgotthard,HU,46.9526,16.2736,47.59,82,21,10.92,few clouds
603,Kjollefjord,NO,70.9457,27.3465,37.45,96,100,21.03,light rain
604,Kunashak,RU,55.7032,61.5498,48.72,81,96,14.83,overcast clouds
605,Beringovskiy,RU,63.05,179.3167,32.27,97,100,22.86,light snow
606,Corner Brook,CA,48.9667,-57.9484,41.16,75,100,8.37,overcast clouds
607,Along,IN,28.1667,94.7667,66.22,96,100,1.14,overcast clouds
608,Mastic Beach,US,40.7668,-72.8521,56.77,64,0,23.0,clear sky
609,Rawson,AR,-43.3002,-65.1023,64.13,55,1,13.06,clear sky
610,Wattegama,LK,6.7989,81.4808,75.33,91,21,3.42,few clouds
611,Mount Gambier,AU,-37.8333,140.7667,60.71,100,100,4.61,overcast clouds
612,Seymchan,RU,62.8833,152.4333,16.43,68,87,3.18,overcast clouds
613,Mkushi,ZM,-13.6202,29.3939,63.91,97,100,4.36,light rain
614,Cururupu,BR,-1.8283,-44.8683,74.71,97,100,2.06,overcast clouds
615,Prachuap Khiri Khan,TH,12.2167,99.75,83.7,65,11,4.29,few clouds
616,Iquique,CL,-20.2208,-70.1431,63.27,75,59,4.54,broken clouds
617,Pouembout,NC,-21.1333,164.9,80.4,69,38,9.64,scattered clouds
618,Norton Shores,US,43.1689,-86.2639,41.99,60,40,8.99,scattered clouds
619,Vilhena,BR,-12.7406,-60.1458,70.03,92,100,2.48,overcast clouds
620,Matara,LK,5.9485,80.5353,78.82,84,34,1.95,scattered clouds
621,Naze,JP,28.3667,129.4833,65.32,61,30,20.69,scattered clouds
622,Labuhan,ID,-6.8844,112.2051,81.99,76,78,4.94,broken clouds
623,Micheweni,TZ,-4.9667,39.8333,78.89,86,100,7.85,moderate rain
624,Gryazi,RU,52.4966,39.9359,46.45,70,100,5.75,overcast clouds
625,Puerto Escondido,MX,15.85,-97.0667,82.44,73,9,5.26,clear sky
626,Hakui,JP,36.8833,136.7833,52.23,61,10,11.21,clear sky
627,Presidente Epitacio,BR,-21.7633,-52.1156,63.81,70,0,6.33,clear sky
628,Mecca,SA,21.4267,39.8261,80.11,34,0,3.8,clear sky
629,Pocinhos,BR,-7.0767,-36.0611,73.69,96,86,7.58,light rain
630,Sabang,ID,5.8933,95.3214,82.85,71,100,0.76,overcast clouds
631,Tucuman,AR,-26.8241,-65.2226,60.8,88,0,2.3,clear sky
632,Falun,SE,60.6036,15.626,30.61,88,100,1.1,overcast clouds
633,Bowen,AU,-20.0167,148.2333,80.1,58,3,13.53,clear sky
634,Jalu,LY,29.0331,21.5482,76.32,14,94,30.31,overcast clouds
635,Dayong,CN,25.0209,118.2898,66.52,41,66,8.1,broken clouds
636,Bajil,YE,15.0584,43.2851,82.76,39,0,5.08,clear sky
637,Takaka,NZ,-40.85,172.8,66.56,46,0,6.67,clear sky
638,Preston,GB,53.7667,-2.7167,52.32,90,26,3.89,scattered clouds
639,Guapore,BR,-28.8456,-51.8903,50.34,98,29,2.1,scattered clouds
640,San Quintin,MX,30.4833,-115.95,61.74,74,91,13.42,overcast clouds
641,Kurilsk,RU,45.2333,147.8833,31.5,83,100,9.26,overcast clouds
642,Tukrah,LY,32.5341,20.5791,69.44,42,84,10.16,broken clouds
643,Sokolow Podlaski,PL,52.4068,22.2531,38.89,93,100,15.59,overcast clouds
644,Jinchang,CN,38.4953,102.1739,46.98,51,99,12.46,overcast clouds
645,Jawar,IN,23.0,76.5,78.13,33,0,9.44,clear sky
646,Rovnoye,RU,50.7765,46.0509,43.95,73,92,4.5,overcast clouds
647,Abilene,US,32.4487,-99.7331,93.42,15,0,9.22,clear sky
648,Dicabisagan,PH,17.0818,122.4157,79.29,79,50,6.29,scattered clouds
649,Roebourne,AU,-20.7833,117.1333,90.79,38,12,11.27,few clouds
650,Tigil,RU,57.8,158.6667,29.25,89,100,12.68,light snow
651,Awjilah,LY,29.1081,21.2869,76.82,14,100,29.91,overcast clouds
652,Meridian,US,43.6121,-116.3915,50.16,33,0,8.05,clear sky
653,Zhangye,CN,38.9342,100.4517,46.54,39,100,19.89,overcast clouds
654,Bossangoa,CF,6.4926,17.4552,73.18,79,11,4.21,few clouds
655,Bozeman,US,45.6796,-111.0386,34.29,44,40,9.22,scattered clouds
656,Puerto El Triunfo,SV,13.2833,-88.55,83.34,73,100,9.44,overcast clouds
657,Dali,CN,25.7,100.1833,61.47,66,0,4.43,clear sky
658,Ossora,RU,59.2353,163.0719,30.0,65,79,4.97,broken clouds
659,Dzerzhinskoye,RU,56.8344,95.2283,42.8,75,99,3.49,overcast clouds
660,Liepaja,LV,56.5419,21.0367,33.78,100,0,4.61,clear sky
661,Bontang,ID,0.1333,117.5,81.03,84,100,4.54,moderate rain
662,Itarema,BR,-2.9248,-39.9167,77.97,84,64,4.72,broken clouds
663,Shakhtinsk,KZ,49.71,72.5872,50.45,33,6,8.41,clear sky
664,Farah,AF,32.5,62.5,73.54,11,100,3.98,overcast clouds
665,Merauke,ID,-8.4667,140.3333,83.3,76,87,11.39,overcast clouds
666,Hollister,US,36.8525,-121.4016,67.39,50,0,24.16,clear sky
667,Puerto Maldonado,PE,-12.6,-69.1833,70.2,94,0,0.0,clear sky
668,Natal,BR,-5.795,-35.2094,82.62,89,20,8.05,few clouds
669,Naron,ES,43.5167,-8.1528,56.01,91,0,2.21,clear sky
670,Basco,PH,20.4487,121.9702,76.64,75,73,22.15,broken clouds
671,Ouallam,NE,14.3188,2.0866,83.34,52,99,12.71,overcast clouds
672,Lae,PG,-6.7221,146.9847,84.87,64,24,4.81,few clouds
673,Xuzhou,CN,34.1805,117.1571,56.44,26,100,5.57,overcast clouds
674,Ancud,CL,-41.8697,-73.8203,55.22,91,28,4.09,scattered clouds
675,Kununurra,AU,-15.7667,128.7333,87.78,70,85,2.3,overcast clouds
676,Kaeo,NZ,-35.1,173.7833,71.33,79,94,7.96,overcast clouds
677,Borovskoy,KZ,53.8,64.15,47.71,64,88,12.33,overcast clouds
678,Tsabong,BW,-26.0217,22.401,67.3,38,100,8.59,overcast clouds
679,Moundou,TD,8.5667,16.0833,82.53,50,74,2.68,broken clouds
680,Kenitra,MA,34.261,-6.5802,61.56,50,0,10.04,clear sky
681,Amapa,BR,1.0,-52.0,71.78,99,100,1.77,overcast clouds
682,Beloha,MG,-25.1667,45.05,75.61,72,73,3.15,broken clouds
683,High Level,CA,58.5169,-117.136,35.71,41,75,5.75,broken clouds
684,San Cristobal,VE,7.7669,-72.225,75.38,85,100,2.75,overcast clouds
685,Jaru,BR,-10.4389,-62.4664,73.27,94,97,2.33,overcast clouds
686,Qingdao,CN,36.0986,120.3719,51.4,40,0,6.71,clear sky
687,Los Altos,US,37.3852,-122.1141,69.73,53,0,19.57,clear sky
688,Little Current,CA,45.9793,-81.9248,32.05,79,72,15.95,broken clouds
689,Kuruman,ZA,-27.4524,23.4325,57.99,75,100,7.78,overcast clouds
690,Sisimiut,GL,66.9395,-53.6735,12.06,73,38,10.02,scattered clouds
691,New Amsterdam,GY,6.25,-57.5167,75.97,86,100,4.97,overcast clouds
692,Noshiro,JP,40.2039,140.0242,45.43,59,65,4.34,broken clouds
693,Hovd,MN,48.0056,91.6419,35.64,29,0,5.39,clear sky
694,La Asuncion,VE,11.0333,-63.8628,80.33,83,100,19.57,overcast clouds
695,Dunaharaszti,HU,47.3545,19.0982,52.32,75,0,12.66,clear sky
